id,reference_year,total_emissions__tonnes_co2e
ABGP0001007,2017,20433.9145
ABGP0001007,2018,19397.93016
ABGP0001007,2019,19298.05949
ABGP0001007,2020,16836.35978
ABGP0001007,2021,16636.08206
ABGP0001007,2022,15677.07631
ABGP0001012,2017,21853.923
ABGP0001012,2018,18170.173
ABGP0001012,2019,23607.601
ABGP0001012,2020,25545.118
ABGP0001012,2021,23175.51
ABGP0001012,2022,28635.49707
ABGP0001013,2009,63130.18674
ABGP0001013,2010,68686.62746
ABGP0001013,2011,66738.87757
ABGP0001013,2012,64588.62821
ABGP0001013,2013,72658.30878
ABGP0001013,2014,68803.53014
ABGP0001013,2015,69364.87471
ABGP0001013,2016,64131.93268
ABGP0001013,2017,66324.9568
ABGP0001013,2018,65178.6584
ABGP0001013,2019,51178.3817
ABGP0001013,2020,12972.8151
ABGP0001013,2021,10986.2843
ABGP0001013,2022,12402.6611
ABGP0001014,2017,20264.8391
ABGP0001014,2018,20630.8214
ABGP0001014,2019,29488.622
ABGP0001014,2020,39566.6476
ABGP0001014,2021,27881.2211
ABGP0001014,2022,20430.5339
ABGP0001021,2006,142945.1223
ABGP0001021,2007,121550.03
ABGP0001021,2008,113573.9502
ABGP0001021,2009,112605.1131
ABGP0001021,2010,116871.5687
ABGP0001021,2011,117812.3451
ABGP0001021,2012,113819.6436
ABGP0001021,2013,120107.197
ABGP0001021,2014,119493.8754
ABGP0001021,2015,121136.5339
ABGP0001021,2016,100673.8173
ABGP0001021,2017,102173.2855
ABGP0001021,2018,105544.8596
ABGP0001021,2019,100953.127
ABGP0001021,2020,93031.38
ABGP0001021,2021,97949.29912
ABGP0001021,2022,87888.97214
ABGP0001022,2018,24348.059
ABGP0001022,2019,27382.005
ABGP0001022,2020,29899.511
ABGP0001022,2021,29526.10912
ABGP0001022,2022,29942.266
ABGP0001042,2004,93870.14969
ABGP0001042,2006,82016.19997
ABGP0001042,2009,74976.27959
ABGP0001042,2010,67919.03534
ABGP0001042,2011,78964.93844
ABGP0001042,2012,74993.64439
ABGP0001042,2013,80781.77297
ABGP0001042,2014,72769.06274
ABGP0001042,2015,73536.56887
ABGP0001042,2016,74793.91777
ABGP0001042,2017,92183.375
ABGP0001042,2018,78472.625
ABGP0001042,2019,79346.802
ABGP0001042,2020,86610.406
ABGP0001042,2021,79085.63708
ABGP0001042,2022,77929.484
ABGP0001047,2009,88522.75805
ABGP0001047,2010,81104.01315
ABGP0001047,2011,63943.42805
ABGP0001047,2012,75751.84916
ABGP0001047,2013,73492.50846
ABGP0001047,2014,72510.4184
ABGP0001047,2015,73920.89945
ABGP0001047,2016,70939.40247
ABGP0001047,2017,63112.081
ABGP0001047,2018,59880.882
ABGP0001047,2019,65615.847
ABGP0001047,2020,24092.163
ABGP0001049,2017,16515.689
ABGP0001049,2018,15769.878
ABGP0001049,2019,13349.607
ABGP0001049,2020,12598.112
ABGP0001049,2022,11440.53949
ABGP0001050,2004,272568.3797
ABGP0001050,2005,248145.2996
ABGP0001050,2006,251078.5805
ABGP0001050,2007,206581.6498
ABGP0001050,2008,231478.7703
ABGP0001050,2009,196319.9501
ABGP0001050,2010,191595.965
ABGP0001050,2011,65049.04
ABGP0001051,2009,60704.20937
ABGP0001051,2010,54841.24042
ABGP0001051,2011,53171.42984
ABGP0001054,2004,251322.568
ABGP0001054,2005,148007.4597
ABGP0001054,2006,140980.1168
ABGP0001054,2007,135616.401
ABGP0001054,2008,133166.7845
ABGP0001054,2009,123976.2811
ABGP0001054,2010,130183.258
ABGP0001054,2011,122848.3577
ABGP0001054,2012,125311.5045
ABGP0001054,2013,96340.16555
ABGP0001054,2014,93161.41215
ABGP0001054,2015,108257.4509
ABGP0001054,2016,139632.9261
ABGP0001054,2017,220514.4203
ABGP0001054,2018,191531.2067
ABGP0001054,2019,176344.12290000002
ABGP0001054,2020,183703.52289999998
ABGP0001054,2021,178779.58279999997
ABGP0001054,2022,201440.8453
ABGP0001062,2010,54200.51248
ABGP0001062,2011,50914.69271
ABGP0001062,2012,48497.016
ABGP0001062,2013,42564.70462
ABGP0001062,2017,42321.3785
ABGP0001062,2018,61305.266
ABGP0001062,2019,81588.77059999999
ABGP0001062,2020,55638.856999999996
ABGP0001062,2021,62638.59774
ABGP0001062,2022,55262.02218
ABGP0001067,2017,17673.3444
ABGP0001067,2018,20203.89922
ABGP0001067,2019,24968.3306
ABGP0001067,2020,14303.68781
ABGP0001069,2004,165084.3892
ABGP0001069,2005,159130.4089
ABGP0001069,2006,162452.399
ABGP0001069,2007,86557.92536
ABGP0001069,2009,58955.41837
ABGP0001069,2010,53376.53296
ABGP0001069,2011,53366.56977
ABGP0001069,2012,58642.85445
ABGP0001069,2013,72372.48083
ABGP0001069,2014,58514.17317
ABGP0001069,2015,52005.31644
ABGP0001069,2016,42610.8612
ABGP0001069,2017,48200.3699
ABGP0001069,2018,51312.813
ABGP0001069,2019,45995.854
ABGP0001069,2020,54681.053
ABGP0001069,2021,53950.46133
ABGP0001069,2022,68862.46017
ABGP0001070,2009,79093.47882
ABGP0001070,2010,56260.59821
ABGP0001070,2011,57690.01846
ABGP0001070,2012,56140.92666
ABGP0001070,2013,57013.1208
ABGP0001070,2014,57129.90302
ABGP0001070,2015,58859.77314
ABGP0001070,2016,58285.65027
ABGP0001070,2017,57966.274
ABGP0001070,2018,56718.115
ABGP0001070,2019,56598.201
ABGP0001070,2020,46536.953
ABGP0001070,2021,62732.1814
ABGP0001070,2022,65477.5854
ABGP0001075,2017,12013.967
ABGP0001075,2018,19972.947
ABGP0001075,2019,19651.475
ABGP0001075,2020,16381.382
ABGP0001075,2021,12028.73612
ABGP0001075,2022,14122.58189
ABGP0001079,2022,10396.4393
ABGP0001086,2018,28987.859
ABGP0001086,2019,35594.609
ABGP0001086,2020,46569.996
ABGP0001086,2021,24597.4056
ABGP0001086,2022,20560.63848
ABGP0001088,2019,15808.067
ABGP0001088,2020,14477.6887
ABGP0001088,2021,19762.047
ABGP0001088,2022,18336.6369
ABGP0001089,2017,18198.366
ABGP0001089,2018,18635.2623
ABGP0001089,2019,15217.1037
ABGP0001091,2020,12188.096
ABGP0001091,2021,12254.5816
ABGP0001091,2022,15409.3443
ABGP0001094,2021,13931.72057
ABGP0001105,2009,61470.39067
ABGP0001105,2010,58025.08088
ABGP0001105,2011,63162.63057
ABGP0001105,2012,62834.90922
ABGP0001105,2013,57751.33982
ABGP0001105,2014,58298.02678
ABGP0001105,2015,53637.04893
ABGP0001105,2016,57579.78509
ABGP0001105,2017,95798.47673
ABGP0001105,2018,91946.31098
ABGP0001105,2019,73231.27513
ABGP0001105,2020,59695.36286
ABGP0001105,2021,51818.58837
ABGP0001105,2022,40325.58046
ABGP0001110,2017,20031.964
ABGP0001110,2018,18239.937
ABGP0001110,2019,18695.737
ABGP0001110,2020,14931.492
ABGP0001110,2021,11302.84118
ABGP0001110,2022,10607.148
ABGP0001112,2017,24092.462
ABGP0001112,2018,24753.59
ABGP0001112,2019,19092.413
ABGP0001113,2009,66187.34314
ABGP0001113,2010,67282.31269
ABGP0001113,2011,60592.9293
ABGP0001113,2012,59958.99475
ABGP0001113,2013,48217.96055
ABGP0001113,2014,47691.76726
ABGP0001113,2015,50317.45479
ABGP0001113,2016,41610.77802
ABGP0001113,2017,50554.407
ABGP0001113,2018,53023.636
ABGP0001113,2019,73838.213
ABGP0001113,2020,79224.895
ABGP0001113,2021,81115.2014
ABGP0001113,2022,98181.67048
ABGP0001114,2017,15448.699
ABGP0001114,2018,15230.883
ABGP0001114,2019,14479.124
ABGP0001114,2020,18805.159
ABGP0001114,2021,33601.18518
ABGP0001114,2022,29448.89513
ABGP0001115,2017,21092.1388
ABGP0001115,2018,17050.02
ABGP0001115,2019,43118.61
ABGP0001115,2020,27048.88918
ABGP0001115,2021,16839.28381
ABGP0001115,2022,15511.3943
ABGP0001116,2019,11742.5835
ABGP0001116,2020,10035.7324
ABGP0001118,2017,15500.979
ABGP0001118,2018,10564.684
ABGP0001119,2017,14151.285
ABGP0001119,2018,13598.292
ABGP0001119,2021,13948.30542
ABGP0001119,2022,12531.99531
ABGP0001122,2009,54995.05429
ABGP0001122,2010,53554.9963
ABGP0001122,2011,53607.35917
ABGP0001122,2012,56354.453
ABGP0001122,2013,45216.3298
ABGP0001122,2016,51834.3839
ABGP0001122,2017,56761.3496
ABGP0001122,2018,58879.5556
ABGP0001122,2019,58647.8629
ABGP0001122,2020,54330.0303
ABGP0001122,2021,58623.5417
ABGP0001122,2022,47645.9695
ABGP0001123,2017,10995.749
ABGP0001123,2018,13765.9995
ABGP0001123,2019,15095.77362
ABGP0001123,2020,16558.01812
ABGP0001123,2021,37156.97984
ABGP0001123,2022,29126.14342
ABGP0001125,2022,10034.53581
ABGP0001127,2017,12833.854
ABGP0001130,2017,16682.262
ABGP0001130,2018,14834.7147
ABGP0001130,2019,14769.6041
ABGP0001130,2020,17015.2573
ABGP0001130,2021,21103.8164
ABGP0001130,2022,21233.9917
ABGP0001131,2004,282949.0
ABGP0001131,2005,294620.0
ABGP0001131,2006,246520.0
ABGP0001131,2007,166158.098
ABGP0001131,2008,177958.6697
ABGP0001131,2009,185759.3584
ABGP0001131,2010,180473.5198
ABGP0001131,2011,184840.0458
ABGP0001131,2012,175208.8851
ABGP0001131,2013,161825.0097
ABGP0001131,2014,60242.5747
ABGP0001131,2019,12046.628
ABGP0001131,2022,14318.1276
ABGP0001134,2004,130060.0
ABGP0001134,2005,137671.4995
ABGP0001134,2006,146259.3492
ABGP0001134,2007,98898.40391
ABGP0001134,2008,94496.90115
ABGP0001134,2009,142982.6654
ABGP0001134,2010,142701.4351
ABGP0001134,2011,134171.5775
ABGP0001134,2012,122390.8001
ABGP0001134,2013,126245.5397
ABGP0001134,2014,102635.7268
ABGP0001134,2015,107252.3028
ABGP0001134,2016,93735.55594
ABGP0001134,2017,91309.743
ABGP0001134,2018,87075.7968
ABGP0001134,2019,84460.737
ABGP0001134,2020,86059.0377
ABGP0001134,2021,82970.6485
ABGP0001134,2022,81779.6172
ABGP0001139,2009,54441.18074
ABGP0001139,2010,55737.72227
ABGP0001139,2011,54819.65426
ABGP0001141,2004,871125.33
ABGP0001141,2005,882845.3
ABGP0001141,2006,874793.05
ABGP0001141,2007,761742.6869
ABGP0001141,2008,663738.1439
ABGP0001141,2009,540360.2419
ABGP0001141,2010,438503.9289
ABGP0001141,2011,453927.2255
ABGP0001141,2012,415057.1781
ABGP0001141,2013,370375.1026
ABGP0001141,2014,366934.8692
ABGP0001141,2015,357333.1711
ABGP0001141,2016,307700.0316
ABGP0001141,2017,281247.4061
ABGP0001141,2018,302418.8546
ABGP0001141,2019,339572.5196
ABGP0001141,2020,326112.407
ABGP0001141,2021,307358.3547
ABGP0001141,2022,279079.2738
ABGP0001152,2009,66187.34314
ABGP0001152,2010,67282.31269
ABGP0001152,2011,60592.9293
ABGP0001152,2012,59958.99475
ABGP0001152,2013,48217.96055
ABGP0001152,2014,47691.76726
ABGP0001152,2015,50317.45479
ABGP0001152,2016,41610.77802
ABGP0001152,2017,50554.407
ABGP0001152,2018,53023.636
ABGP0001152,2019,73838.213
ABGP0001152,2020,79224.895
ABGP0001152,2021,81115.2014
ABGP0001152,2022,98181.67048
ABGP0001158,2017,11957.863
ABGP0001158,2018,10759.045
ABGP0001158,2019,10451.701
ABGP0001158,2020,21134.432
ABGP0001158,2021,20124.34912
ABGP0001158,2022,12288.61998
ABGP0001159,2019,14069.1335
ABGP0001159,2020,16066.1555
ABGP0001159,2021,20806.4778
ABGP0001159,2022,21195.8401
ABGP0001167,2018,14432.51
ABGP0001167,2019,21294.3488
ABGP0001167,2020,13560.7946
ABGP0001167,2021,12705.26238
ABGP0001167,2022,11999.26832
ABGP0001169,2017,28192.686
ABGP0001169,2018,45363.099
ABGP0001169,2019,17418.456
ABGP0001169,2021,26184.88931
ABGP0001169,2022,22657.89146
ABGP0001174,2017,33228.684
ABGP0001174,2018,24452.292
ABGP0001174,2019,24421.251
ABGP0001174,2020,25484.634
ABGP0001174,2022,10074.95412
ABGP0001177,2018,11175.93
ABGP0001183,2017,14579.468
ABGP0001183,2019,10756.136
ABGP0001184,2017,28543.308
ABGP0001184,2018,22613.967
ABGP0001184,2019,22737.683
ABGP0001184,2020,23543.349
ABGP0001184,2021,26063.61084
ABGP0001184,2022,28753.168
ABGP0001185,2017,14328.19875
ABGP0001185,2018,27649.51674
ABGP0001185,2019,15731.93285
ABGP0001185,2021,11357.1
ABGP0001185,2022,10435.8
ABGP0001192,2017,16645.9272
ABGP0001192,2018,17458.4226
ABGP0001192,2019,15143.3189
ABGP0001192,2020,12299.0312
ABGP0001192,2021,12557.00789
ABGP0001192,2022,11329.03184
ABGP0001220,2020,31515.8
ABGP0001220,2021,29346.8
ABGP0001220,2022,26499.92
ABGP0001235,2017,11536.39356
ABGP0001235,2018,23166.89023
ABGP0001243,2017,12429.506
ABGP0001256,2022,10873.82291
ABGP0001267,2017,26479.967
ABGP0001267,2018,26711.332
ABGP0001267,2019,13112.219
ABGP0001267,2020,11969.621
ABGP0001267,2021,11250.43721
ABGP0001267,2022,16083.64587
ABGP0001292,2017,12823.718
ABGP0001292,2018,11020.511
ABGP0001292,2019,13878.482
ABGP0001292,2020,13636.294
ABGP0001292,2021,14001.13967
ABGP0001292,2022,16383.378
ABGP0001293,2017,10771.413
ABGP0001312,2017,12883.80449
ABGP0001334,2018,9554.083506
ABGP0001350,2004,178688.0494
ABGP0001350,2005,178437.2763
ABGP0001350,2006,179479.8235
ABGP0001350,2007,196404.9806
ABGP0001350,2008,249633.082
ABGP0001350,2009,237221.7623
ABGP0001350,2010,213103.4709
ABGP0001350,2011,209975.0097
ABGP0001350,2012,229421.4484
ABGP0001350,2013,244141.4185
ABGP0001350,2014,271914.7563
ABGP0001350,2015,262420.1623
ABGP0001350,2016,256816.3089
ABGP0001350,2017,248912.172
ABGP0001350,2018,203076.99
ABGP0001350,2019,207250.513
ABGP0001350,2020,197136.705
ABGP0001350,2021,178813.9552
ABGP0001350,2022,252401.74169
ABGP0001353,2017,21260.5161
ABGP0001353,2018,20406.3098
ABGP0001353,2019,18724.734
ABGP0001353,2020,21456.067
ABGP0001353,2021,18126.80661
ABGP0001353,2022,16639.1235
ABGP0001360,2004,774077.459
ABGP0001360,2005,501107.8352
ABGP0001360,2006,477204.6985
ABGP0001360,2007,456186.2448
ABGP0001360,2008,413281.0084
ABGP0001360,2009,390759.8525
ABGP0001360,2010,326898.4194
ABGP0001360,2011,287382.6951
ABGP0001360,2012,265024.7472
ABGP0001360,2013,248555.1744
ABGP0001360,2014,214905.359
ABGP0001360,2015,206997.1839
ABGP0001360,2016,220877.3292
ABGP0001360,2017,191639.6083
ABGP0001360,2018,156234.9346
ABGP0001360,2019,171012.6375
ABGP0001360,2020,167530.1819
ABGP0001360,2021,195328.15159999998
ABGP0001360,2022,181282.13030000002
ABGP0001370,2017,15817.025
ABGP0001370,2018,17450.038
ABGP0001370,2019,20600.836
ABGP0001370,2020,19311.274
ABGP0001370,2021,10250.36233
ABGP0001375,2020,13828.62695
ABGP0001375,2021,14544.13696
ABGP0001375,2022,22338.23145
ABGP0001377,2017,14251.212
ABGP0001377,2018,12685.231
ABGP0001377,2019,15814.327
ABGP0001377,2020,12749.16
ABGP0001377,2021,15922.69303
ABGP0001377,2022,15879.30832
ABGP0001379,2017,13821.158
ABGP0001379,2018,15496.812
ABGP0001379,2019,17382.284
ABGP0001379,2020,14951.455
ABGP0001379,2021,15301.88918
ABGP0001379,2022,16324.552
ABGP0001380,2017,24996.888
ABGP0001380,2018,16435.999
ABGP0001380,2019,15841.526
ABGP0001380,2020,12979.313
ABGP0001380,2021,19985.76241
ABGP0001380,2022,19533.546
ABGP0001381,2018,23931.177
ABGP0001381,2019,19535.72237
ABGP0001381,2020,23665.29
ABGP0001381,2021,19743.465
ABGP0001381,2022,25007.6902
ABGP0001386,2018,21186.558
ABGP0001386,2020,18855.11
ABGP0001386,2021,15418.76444
ABGP0001386,2022,10059.5772
ABGP0001397,2022,11965.83038
ABGP0001402,2017,22258.78
ABGP0001402,2018,26649.459
ABGP0001402,2019,27995.945
ABGP0001402,2020,25237.471
ABGP0001402,2021,24983.87823
ABGP0001402,2022,24227.23398
ABGP0001417,2009,72865.04955
ABGP0001417,2010,70400.7934
ABGP0001417,2011,71852.22353
ABGP0001417,2012,73099.37692
ABGP0001417,2013,62691.42834
ABGP0001417,2014,57657.70204
ABGP0001417,2015,55593.76728
ABGP0001417,2016,64456.03328
ABGP0001417,2017,60272.818
ABGP0001417,2018,52477.949
ABGP0001417,2019,47149.342
ABGP0001417,2020,50994.323
ABGP0001417,2021,54681.18397
ABGP0001417,2022,60051.49
ABGP0001418,2017,11370.617
ABGP0001418,2018,10981.577
ABGP0001426,2017,11028.111
ABGP0001429,2017,11536.39356
ABGP0001429,2018,23166.89023
ABGP0001433,2017,25040.72844
ABGP0001433,2018,20350.107
ABGP0001433,2019,17129.358
ABGP0001433,2020,12405.497
ABGP0001433,2021,11346.854
ABGP0001433,2022,11788.4157
ABGP0001434,2017,25787.38
ABGP0001434,2018,35344.08969
ABGP0001434,2019,19963.6651
ABGP0001434,2020,19468.6499
ABGP0001434,2021,17964.8214
ABGP0001434,2022,15672.0203
ABGP0001441,2017,11067.637
ABGP0001441,2018,18062.408
ABGP0001441,2019,30375.189
ABGP0001441,2020,19382.865
ABGP0001445,2020,15451.285
ABGP0001445,2021,13632.67724
ABGP0001445,2022,12661.00252
ABGP0001455,2018,10796.70421
ABGP0001475,2022,15476.73807
ABGP0001479,2017,19041.529
ABGP0001479,2018,24050.962
ABGP0001479,2019,23802.431
ABGP0001479,2020,19696.079
ABGP0001479,2021,16451.20365
ABGP0001479,2022,21086.028
ABGP0001506,2004,57041.89997
ABGP0001506,2005,62337.59583
ABGP0001506,2017,30239.06
ABGP0001506,2018,31912.893
ABGP0001506,2019,35804.608
ABGP0001506,2020,30062.344
ABGP0001506,2021,25241.56282
ABGP0001506,2022,30917.354
ABGP0001511,2017,38090.499
ABGP0001511,2018,38556.842
ABGP0001511,2019,52895.969
ABGP0001511,2020,59461.202999999994
ABGP0001511,2021,54140.41699
ABGP0001511,2022,53513.44932
ABGP0001520,2014,52413.5404
ABGP0001520,2017,38439.573
ABGP0001520,2018,47855.419
ABGP0001520,2019,47392.705
ABGP0001520,2020,54244.269
ABGP0001520,2021,47289.69908
ABGP0001520,2022,48777.24992
ABGP0001524,2018,11963.55
ABGP0001534,2018,12033.7465
ABGP0001541,2021,10523.92171
ABGP0001561,2020,8119.676153
ABGP0001575,2017,13953.3394
ABGP0001575,2018,14992.3005
ABGP0001575,2019,15122.59006
ABGP0001575,2020,7592.378182
ABGP0001575,2021,13403.77625
ABGP0001575,2022,8673.958662
ABGP0001582,2018,17077.1
ABGP0001582,2019,20878.733
ABGP0001582,2022,11823.6627
ABGP0001583,2017,15822.185
ABGP0001583,2018,13319.515
ABGP0001583,2019,10770.623
ABGP0001585,2004,103146.4532
ABGP0001585,2006,59651.13967
ABGP0001585,2009,55019.90789
ABGP0001585,2010,60842.65347
ABGP0001585,2013,64552.36042
ABGP0001585,2014,68519.59039
ABGP0001585,2015,66856.67549
ABGP0001585,2016,61449.63002
ABGP0001585,2017,58717.0955
ABGP0001585,2018,40350.94719
ABGP0001585,2019,42218.0697
ABGP0001585,2020,36687.675
ABGP0001585,2021,37573.90243
ABGP0001585,2022,37110.628
ABGP0001597,2022,10175.28165
ABGP0001617,2018,11532.0165
ABGP0001617,2019,15106.7387
ABGP0001617,2020,11867.9126
ABGP0001617,2021,11826.6297
ABGP0001617,2022,13055.2693
ABGP0001623,2017,20993.7313
ABGP0001623,2018,35355.64337
ABGP0001623,2019,63304.42666
ABGP0001623,2020,59735.71096
ABGP0001623,2021,61214.16079
ABGP0001623,2022,44440.4713
ABGP0001624,2020,95537.17683
ABGP0001624,2021,61717.42547
ABGP0001625,2017,18612.861
ABGP0001625,2018,21125.136
ABGP0001625,2019,19432.221
ABGP0001625,2020,26825.645
ABGP0001625,2021,67324.47384
ABGP0001625,2022,25354.46607
ABGP0001628,2017,12511.865
ABGP0001628,2018,12012.7943
ABGP0001628,2019,11099.8625
ABGP0001628,2020,9786.7623
ABGP0001628,2021,7357.1728
ABGP0001642,2018,10493.6406
ABGP0001642,2019,12040.801
ABGP0001642,2020,13224.4935
ABGP0001642,2021,11451.85334
ABGP0001642,2022,11448.4068
ABGP0001651,2017,44837.036
ABGP0001651,2018,52283.702000000005
ABGP0001651,2019,61924.911
ABGP0001651,2020,52357.062999999995
ABGP0001651,2021,51528.15369
ABGP0001651,2022,62224.1302
ABGP0001661,2017,13679.984
ABGP0001661,2018,13204.849
ABGP0001661,2019,11441.085
ABGP0001661,2020,14138.177
ABGP0001661,2021,13366.03758
ABGP0001661,2022,13975.6
ABGP0001662,2004,815716.0
ABGP0001662,2005,753086.0
ABGP0001662,2006,656531.0
ABGP0001662,2007,505765.0226
ABGP0001662,2008,546606.9866
ABGP0001662,2009,592207.3601
ABGP0001662,2010,555446.5463
ABGP0001662,2011,604209.416
ABGP0001662,2012,485826.8677
ABGP0001662,2013,493013.7323
ABGP0001662,2014,478763.1673
ABGP0001662,2015,513967.1853
ABGP0001662,2016,468731.2699
ABGP0001662,2017,417351.7014
ABGP0001662,2018,341592.2757
ABGP0001662,2019,287623.4462
ABGP0001662,2020,308681.7022
ABGP0001662,2021,304294.2414
ABGP0001662,2022,303737.1953
ABGP0001663,2017,20377.11
ABGP0001663,2018,18166.125
ABGP0001663,2019,18724.818
ABGP0001663,2020,19758.218
ABGP0001663,2022,22218.09911
ABGP0001666,2017,37462.004
ABGP0001666,2018,30306.543
ABGP0001666,2019,28586.133
ABGP0001666,2020,29790.754
ABGP0001666,2021,27076.84877
ABGP0001666,2022,26237.828
ABGP0001668,2009,56331.399
ABGP0001668,2010,61269.83383
ABGP0001668,2011,67171.3495
ABGP0001668,2012,65300.06557
ABGP0001668,2013,57843.67464
ABGP0001668,2014,58979.38988
ABGP0001668,2016,55037.5418
ABGP0001668,2017,53987.695
ABGP0001668,2018,51811.47
ABGP0001668,2019,57665.54916
ABGP0001668,2020,50365.94293
ABGP0001668,2021,81135.08614
ABGP0001668,2022,80492.58756
ABGP0001669,2010,53983.86006
ABGP0001669,2011,53948.11228
ABGP0001669,2012,54166.31186
ABGP0001669,2017,46125.571
ABGP0001669,2018,54786.618
ABGP0001669,2019,53896.016
ABGP0001669,2020,26641.627
ABGP0001669,2021,29142.80149
ABGP0001669,2022,61682.59267
ABGP0001678,2019,8531.154
ABGP0001679,2017,10931.26982
ABGP0001679,2018,13197.927
ABGP0001679,2019,9914.484
ABGP0001693,2020,8119.676153
ABGP0001694,2017,11365.452
ABGP0001699,2017,15514.0565
ABGP0001707,2017,95251.888
ABGP0001707,2018,155943.2278
ABGP0001707,2019,242330.9098
ABGP0001707,2020,263865.6
ABGP0001707,2021,273733.82
ABGP0001707,2022,282981.9259
ABGP0001713,2017,20227.00154
ABGP0001713,2018,20257.16851
ABGP0001713,2019,33999.68754
ABGP0001713,2020,18274.89098
ABGP0001713,2021,23627.96723
ABGP0001713,2022,23131.64652
ABGP0001718,2017,31545.262
ABGP0001718,2018,21455.545
ABGP0001718,2019,18638.852
ABGP0001718,2020,22220.477
ABGP0001718,2021,23403.59931
ABGP0001718,2022,26240.418
ABGP0001738,2017,18058.2531
ABGP0001738,2018,17900.968
ABGP0001738,2019,14230.049
ABGP0001738,2020,4187.755
ABGP0001738,2021,6064.846
ABGP0001740,2012,76975.99905
ABGP0001740,2013,74413.191
ABGP0001740,2014,87922.11073
ABGP0001740,2015,83322.52318
ABGP0001740,2016,99629.50716
ABGP0001740,2017,90889.062
ABGP0001740,2018,64712.16
ABGP0001740,2019,61461.75
ABGP0001740,2020,53858.771
ABGP0001740,2021,59508.124
ABGP0001740,2022,60071.411
ABGP0001746,2017,15847.0073
ABGP0001746,2018,13784.7566
ABGP0001746,2019,15798.01681
ABGP0001746,2020,15249.31431
ABGP0001746,2021,17050.74484
ABGP0001746,2022,17209.95774
ABGP0001758,2017,14396.105
ABGP0001758,2018,17156.522
ABGP0001758,2019,17380.359
ABGP0001758,2020,14588.822
ABGP0001758,2021,24067.37
ABGP0001758,2022,23784.22
ABGP0001759,2020,95537.17683
ABGP0001759,2021,61717.42547
ABGP0001766,2009,71831.70918
ABGP0001766,2010,66682.80019
ABGP0001766,2011,80056.09645
ABGP0001766,2012,85936.35527
ABGP0001766,2013,119267.2998
ABGP0001766,2014,123209.1733
ABGP0001766,2015,111928.6423
ABGP0001766,2016,98443.25042
ABGP0001766,2017,98964.97829
ABGP0001766,2018,104713.6824
ABGP0001766,2019,93414.8723
ABGP0001766,2020,98760.9482
ABGP0001766,2021,94224.5983
ABGP0001766,2022,99333.1998
ABGP0001768,2017,12250.108
ABGP0001768,2018,22890.65
ABGP0001768,2019,20674.848
ABGP0001768,2020,14675.241
ABGP0001768,2021,17466.66588
ABGP0001768,2022,12262.7934
ABGP0001777,2017,12066.154
ABGP0001777,2018,11772.925
ABGP0001777,2019,11870.976
ABGP0001780,2017,13775.2071
ABGP0001780,2018,10627.828
ABGP0001782,2017,10760.356
ABGP0001785,2017,10746.469
ABGP0001785,2018,10868.0937
ABGP0001798,2009,62612.75055
ABGP0001798,2010,68443.71174
ABGP0001798,2011,66241.17311
ABGP0001798,2012,66097.00121
ABGP0001798,2013,59608.75151
ABGP0001798,2014,56065.12933
ABGP0001798,2017,39741.771
ABGP0001798,2018,34426.272
ABGP0001798,2019,33536.288
ABGP0001798,2020,29841.747
ABGP0001798,2021,34080.56007
ABGP0001798,2022,32814.052
ABGP0001800,2017,12887.79849
ABGP0001800,2018,11658.623
ABGP0001800,2019,14307.152
ABGP0001800,2020,14800.804
ABGP0001800,2021,15918.19479
ABGP0001800,2022,16607.04511
ABGP0001802,2004,178688.0494
ABGP0001802,2005,178437.2763
ABGP0001802,2006,179479.8235
ABGP0001802,2007,196404.9806
ABGP0001802,2008,249633.082
ABGP0001802,2009,237221.7623
ABGP0001802,2010,213103.4709
ABGP0001802,2011,209975.0097
ABGP0001802,2012,229421.4484
ABGP0001802,2013,244141.4185
ABGP0001802,2014,271914.7563
ABGP0001802,2015,262420.1623
ABGP0001802,2016,256816.3089
ABGP0001802,2017,248912.172
ABGP0001802,2018,203076.99
ABGP0001802,2019,207250.513
ABGP0001802,2020,197136.705
ABGP0001802,2021,178813.9552
ABGP0001802,2022,252401.74169
ABGP0001803,2004,165084.3892
ABGP0001803,2005,159130.4089
ABGP0001803,2006,162452.399
ABGP0001803,2007,86557.92536
ABGP0001803,2009,58955.41837
ABGP0001803,2010,53376.53296
ABGP0001803,2011,53366.56977
ABGP0001803,2012,58642.85445
ABGP0001803,2013,72372.48083
ABGP0001803,2014,58514.17317
ABGP0001803,2015,52005.31644
ABGP0001803,2016,42610.8612
ABGP0001803,2017,48200.3699
ABGP0001803,2018,51312.813
ABGP0001803,2019,45995.854
ABGP0001803,2020,54681.053
ABGP0001803,2021,53950.46133
ABGP0001803,2022,68862.46017
ABGP0001805,2014,52413.5404
ABGP0001805,2017,38439.573
ABGP0001805,2018,47855.419
ABGP0001805,2019,47392.705
ABGP0001805,2020,54244.269
ABGP0001805,2021,47289.69908
ABGP0001805,2022,48777.24992
ABGP0001808,2017,15817.025
ABGP0001808,2018,17450.038
ABGP0001808,2019,20600.836
ABGP0001808,2020,19311.274
ABGP0001808,2021,10250.36233
ABGP0001810,2017,12511.865
ABGP0001810,2018,12012.7943
ABGP0001810,2019,11099.8625
ABGP0001810,2020,9786.7623
ABGP0001810,2021,7357.1728
ABGP0001839,2018,12109.883
ABGP0001841,2009,63370.17048
ABGP0001841,2010,62678.23959
ABGP0001841,2011,65441.32376
ABGP0001841,2012,79683.13592
ABGP0001841,2013,71648.56099
ABGP0001841,2014,87943.38715
ABGP0001841,2015,94536.06302
ABGP0001841,2016,91728.38338
ABGP0001841,2017,68371.9703
ABGP0001841,2018,61302.398
ABGP0001841,2019,61077.2017
ABGP0001841,2020,41259.68132
ABGP0001841,2021,38389.8372
ABGP0001841,2022,41153.2479
ABGP0001844,2021,11999.8629
ABGP0001844,2022,34871.9558
ABGP0001853,2009,65694.39535
ABGP0001853,2010,56842.18575
ABGP0001853,2011,50071.49319
ABGP0001853,2012,46446.61915
ABGP0001853,2013,48283.29254
ABGP0001853,2014,49642.79244
ABGP0001853,2015,49338.42884
ABGP0001853,2016,46845.11874
ABGP0001853,2017,47056.635
ABGP0001853,2018,51154.843
ABGP0001853,2019,51344.373
ABGP0001853,2020,51958.836
ABGP0001853,2021,52179.13821
ABGP0001853,2022,58802.514
ABGP0001855,2017,24930.457
ABGP0001855,2018,29477.1509
ABGP0001855,2019,32757.006
ABGP0001855,2020,21287.0239
ABGP0001855,2021,35377.4515
ABGP0001855,2022,41993.776
ABGP0001858,2009,58723.88063
ABGP0001858,2010,52176.33709
ABGP0001858,2011,56159.38586
ABGP0001858,2012,59391.2887
ABGP0001858,2013,62229.91114
ABGP0001858,2014,68365.19288
ABGP0001858,2015,66852.34311
ABGP0001858,2016,69885.22688
ABGP0001858,2017,65477.348
ABGP0001858,2018,68393.925
ABGP0001858,2019,66001.71
ABGP0001858,2020,64470.683
ABGP0001858,2021,63125.61117
ABGP0001858,2022,63341.25671
ABGP0001864,2004,137901.635
ABGP0001864,2005,119555.0506
ABGP0001864,2006,186566.1375
ABGP0001864,2007,164099.4065
ABGP0001864,2008,158932.9618
ABGP0001864,2009,175518.5846
ABGP0001864,2010,212281.3183
ABGP0001864,2011,197048.9174
ABGP0001864,2012,282778.9693
ABGP0001864,2013,280412.9542
ABGP0001864,2014,182282.3456
ABGP0001864,2015,150130.5925
ABGP0001864,2016,183029.3974
ABGP0001864,2017,202674.0744
ABGP0001864,2018,279062.6169
ABGP0001864,2019,291929.6513
ABGP0001864,2020,242984.6449
ABGP0001864,2021,303949.8672
ABGP0001864,2022,316711.9074
ABGP0001874,2017,15561.19
ABGP0001874,2018,12731.569
ABGP0001874,2019,10322.07
ABGP0001880,2017,18380.79
ABGP0001880,2018,16251.855
ABGP0001880,2019,15172.333
ABGP0001880,2020,15367.163
ABGP0001880,2021,16254.61648
ABGP0001880,2022,15874.214
ABGP0001885,2017,12718.494
ABGP0001885,2018,11634.972
ABGP0001885,2019,11436.16
ABGP0001885,2020,12758.299
ABGP0001885,2021,10879.84831
ABGP0001885,2022,10564.056
ABGP0001897,2017,25021.503
ABGP0001897,2018,23932.279
ABGP0001897,2019,23014.109
ABGP0001897,2020,19302.899
ABGP0001897,2021,17326.25008
ABGP0001897,2022,17130.07
ABGP0001902,2004,93238.51876
ABGP0001902,2017,50631.639
ABGP0001902,2018,55418.248
ABGP0001902,2019,58738.7185
ABGP0001902,2020,56573.1458
ABGP0001902,2021,60973.7087
ABGP0001902,2022,74489.8734
ABGP0001909,2009,73426.15275
ABGP0001909,2010,75422.03495
ABGP0001909,2011,76657.73653
ABGP0001909,2012,79328.38002
ABGP0001909,2013,71555.77481
ABGP0001909,2014,76036.3742
ABGP0001909,2015,78854.14256
ABGP0001909,2016,82047.9731
ABGP0001909,2017,81405.012
ABGP0001909,2018,74973.487
ABGP0001909,2019,80835.797
ABGP0001909,2020,77895.1488
ABGP0001909,2021,79489.2968
ABGP0001909,2022,102237.758
ABGP0001946,2017,24996.888
ABGP0001946,2018,16435.999
ABGP0001946,2019,15841.526
ABGP0001946,2020,12979.313
ABGP0001946,2021,19985.76241
ABGP0001946,2022,19533.546
ABGP0001951,2004,165084.3892
ABGP0001951,2005,159130.4089
ABGP0001951,2006,162452.399
ABGP0001951,2007,86557.92536
ABGP0001951,2009,58955.41837
ABGP0001951,2010,53376.53296
ABGP0001951,2011,53366.56977
ABGP0001951,2012,58642.85445
ABGP0001951,2013,72372.48083
ABGP0001951,2014,58514.17317
ABGP0001951,2015,52005.31644
ABGP0001951,2016,42610.8612
ABGP0001951,2017,48200.3699
ABGP0001951,2018,51312.813
ABGP0001951,2019,45995.854
ABGP0001951,2020,54681.053
ABGP0001951,2021,53950.46133
ABGP0001951,2022,68862.46017
ABGP0001960,2017,17998.5177
ABGP0001960,2018,32684.66
ABGP0001960,2019,13292.92487
ABGP0001960,2020,12828.4936
ABGP0001960,2021,11702.70684
ABGP0001960,2022,14497.62
ABGP0001964,2017,10169.16505
ABGP0001965,2017,11579.853
ABGP0001965,2018,11066.262
ABGP0001965,2019,11270.528
ABGP0001965,2020,12968.058
ABGP0001967,2018,22561.03
ABGP0001967,2019,21200.838
ABGP0001967,2020,16148.325
ABGP0001967,2021,20869.31026
ABGP0001967,2022,23093.03643
ABGP0001970,2017,18847.138
ABGP0001970,2018,21545.006
ABGP0001970,2019,18135.731
ABGP0001970,2020,32892.09
ABGP0001970,2021,39992.09626
ABGP0001970,2022,39527.64829
ABGP0001987,2017,15637.465
ABGP0001987,2018,13728.69
ABGP0001987,2019,12502.482
ABGP0001987,2022,10887.7689
ABGP0075995,2017,15877.4741
ABGP0075995,2018,18078.0128
ABGP0075995,2019,15058.4549
ABGP0075995,2021,11245.6162
ABGP0075995,2022,9585.7423
ABGP0077266,2020,11749.984
ABGP0077266,2022,11670.1443
ABGP0079061,2017,43811.151
ABGP0079061,2018,35485.158
ABGP0079061,2019,34441.212
ABGP0079061,2020,28671.87
ABGP0079061,2021,28269.44181
ABGP0079061,2022,38097.882
ABGP0079260,2017,15967.47
ABGP0079260,2018,18308.82674
ABGP0079260,2019,15694.9238
ABGP0079260,2020,11983.6464
ABGP0079260,2021,11486.0962
ABGP0079260,2022,13036.1831
ABGP0080187,2017,14549.5565
ABGP0080187,2018,16140.925
ABGP0080187,2019,16659.7328
ABGP0080187,2020,14541.97323
ABGP0080187,2021,14921.1771
ABGP0080187,2022,12786.1931
ABGP0081174,2017,20264.8391
ABGP0081174,2018,20630.8214
ABGP0081174,2019,29488.622
ABGP0081174,2020,39566.6476
ABGP0081174,2021,27881.2211
ABGP0081174,2022,20430.5339
ABGP0082304,2018,17455.307
ABGP0082304,2019,17846.207
ABGP0082304,2020,14768.625
ABGP0082304,2022,10472.42776
ABGP0084773,2017,17216.9598
ABGP0084773,2018,20097.8222
ABGP0084773,2019,30145.7285
ABGP0084773,2020,26008.24846
ABGP0084773,2021,27470.2136
ABGP0084773,2022,27850.0124
ABGP0085152,2022,16317.29905
ABGP0086640,2017,10651.4432
ABGP0086640,2019,10573.88
ABGP0086745,2018,11649.50976
ABGP0087651,2017,17590.96479
ABGP0087651,2018,19308.91979
ABGP0087651,2019,13022.05837
ABGP0087651,2020,19350.4
ABGP0087651,2021,11792.4
ABGP0087651,2022,12824.0
ABGP0087677,2017,28800.9019
ABGP0087677,2018,24616.33
ABGP0087677,2019,38911.5
ABGP0087677,2020,21380.82475
ABGP0087677,2021,16259.54094
ABGP0087677,2022,24680.43007
ABGP0088446,2017,31545.262
ABGP0088446,2018,21455.545
ABGP0088446,2019,18638.852
ABGP0088446,2020,22220.477
ABGP0088446,2021,23403.59931
ABGP0088446,2022,26240.418
ABGP0088516,2018,9804.209486
ABGP0089018,2017,41052.62396
ABGP0089018,2018,39090.28822
ABGP0089018,2019,45383.1822
ABGP0089018,2020,49140.46376
ABGP0089018,2021,49527.6264
ABGP0089018,2022,51278.2882
ABGP0089955,2017,18086.924
ABGP0091427,2011,65429.4044
ABGP0091427,2012,64531.97801
ABGP0091427,2013,68228.34282
ABGP0091427,2014,71913.47624
ABGP0091427,2015,63262.58743
ABGP0091427,2016,73356.25772
ABGP0091427,2017,76985.69863
ABGP0091427,2018,62599.09007
ABGP0091427,2019,51974.8146
ABGP0091427,2020,49898.23605
ABGP0091427,2021,65881.3777
ABGP0091427,2022,68144.2157
ABGP0093212,2017,18612.861
ABGP0093212,2018,21125.136
ABGP0093212,2019,19432.221
ABGP0093212,2020,26825.645
ABGP0093212,2021,67324.47384
ABGP0093212,2022,25354.46607
ABGP0093277,2017,13497.143
ABGP0093277,2018,13288.716
ABGP0093277,2019,12248.178
ABGP0093277,2020,20329.386
ABGP0093277,2021,20616.88144
ABGP0093277,2022,19825.2979
ABGP0094379,2017,21847.5763
ABGP0094379,2018,15910.5576
ABGP0094379,2019,13122.4752
ABGP0094379,2020,13918.3617
ABGP0094379,2021,42391.7225
ABGP0094379,2022,31323.9861
ABGP0094382,2016,55373.32501
ABGP0094382,2017,39413.0
ABGP0094382,2018,59386.56
ABGP0094382,2019,52359.8
ABGP0094382,2020,41949.1
ABGP0094382,2021,49748.2
ABGP0094382,2022,62955.6
ABGP0094954,2009,62729.74033
ABGP0094954,2010,55384.52409
ABGP0094954,2011,59622.57798
ABGP0094954,2012,63816.81633
ABGP0094954,2013,72878.35476
ABGP0094954,2014,70403.17584
ABGP0094954,2015,88560.0583
ABGP0094954,2016,143199.2214
ABGP0094954,2017,197824.2837
ABGP0094954,2018,249376.1102
ABGP0094954,2019,244126.3962
ABGP0094954,2020,223344.6656
ABGP0094954,2021,233404.633
ABGP0094954,2022,222685.9368
ABGP0095741,2017,23675.06
ABGP0095741,2018,25111.526
ABGP0095741,2019,20877.612
ABGP0095741,2020,23412.564
ABGP0095741,2021,27433.11897
ABGP0095741,2022,26600.1852
ABGP0096078,2017,20362.69073
ABGP0096078,2018,26527.50019
ABGP0096078,2019,11718.87469
ABGP0096078,2020,19350.4
ABGP0096078,2021,13519.6
ABGP0096078,2022,11509.6
ABGP0096335,2015,60614.02673
ABGP0096335,2017,36313.7756
ABGP0096335,2018,48818.8506
ABGP0096335,2019,57879.9479
ABGP0096335,2020,47696.67981
ABGP0096335,2021,45680.89303
ABGP0096335,2022,41547.5941
ABGP0097445,2019,11295.1278
ABGP0103480,2019,11191.443
ABGP0103480,2020,14966.291
ABGP0106663,2014,98796.95876
ABGP0106663,2015,90359.96629
ABGP0106663,2016,96157.39055
ABGP0106663,2017,138159.3695
ABGP0106663,2018,179357.7635
ABGP0106663,2019,182808.9112
ABGP0106663,2020,184367.856
ABGP0106663,2021,217635.2302
ABGP0106663,2022,226570.9161
ABGP0107835,2011,75218.90143
ABGP0107835,2012,64001.222
ABGP0107835,2013,80215.35013
ABGP0107835,2014,79335.4888
ABGP0107835,2015,92300.16627
ABGP0107835,2016,148664.538
ABGP0107835,2017,177880.606
ABGP0107835,2018,186752.36
ABGP0107835,2019,206239.65
ABGP0107835,2020,218684.16
ABGP0107835,2021,236003.3118
ABGP0107835,2022,249085.4256
ABGP0111570,2017,21083.9948
ABGP0111570,2018,23443.8643
ABGP0111570,2019,33460.3148
ABGP0111570,2020,26396.48509
ABGP0111570,2021,27886.48228
ABGP0111570,2022,20268.3132
ABGP0113730,2017,10676.478
ABGP0113730,2018,10738.5234
ABGP0113730,2019,19521.6317
ABGP0113730,2020,27065.61674
ABGP0113730,2021,20773.52659
ABGP0113730,2022,21316.75919
ABGP0115356,2014,68481.81699
ABGP0115356,2015,63121.54095
ABGP0115356,2016,73252.75679
ABGP0115356,2017,79659.1276
ABGP0115356,2018,94695.4645
ABGP0115356,2019,99000.7167
ABGP0115356,2020,80252.26884
ABGP0115356,2021,74908.84193
ABGP0115356,2022,72844.1076
ABGP0115771,2017,19614.4291
ABGP0115771,2018,21574.6101
ABGP0115771,2019,21505.9359
ABGP0115771,2020,21785.6176
ABGP0115771,2021,20567.4737
ABGP0115771,2022,21185.346
ABGP0117818,2017,20657.0892
ABGP0117818,2018,17400.1604
ABGP0117818,2019,25772.4945
ABGP0117818,2020,18099.21676
ABGP0117818,2021,16841.7234
ABGP0117818,2022,16745.9368
ABGP0119271,2015,65977.18616
ABGP0119271,2016,52197.14531
ABGP0119271,2017,66727.1212
ABGP0119271,2018,68675.8937
ABGP0119271,2019,78569.0038
ABGP0119271,2020,64382.70744
ABGP0119271,2021,8767.4694
ABGP0119271,2022,10634.1638
ABGP0119546,2017,10746.469
ABGP0119546,2018,10868.0937
ABGP0119754,2004,279528.5032
ABGP0119754,2005,191472.4673
ABGP0119754,2006,155407.8812
ABGP0119754,2007,139663.1849
ABGP0119754,2008,145204.6936
ABGP0119754,2009,124486.4564
ABGP0119754,2010,124260.1531
ABGP0119754,2011,106639.0524
ABGP0119754,2012,117973.6449
ABGP0119754,2013,126617.0561
ABGP0119754,2014,126263.1209
ABGP0119754,2015,118794.8266
ABGP0119754,2016,113292.2017
ABGP0119754,2017,116420.8755
ABGP0119754,2018,110548.7613
ABGP0119754,2019,110336.4454
ABGP0119754,2020,106626.3597
ABGP0119754,2021,86417.59432
ABGP0119754,2022,61298.6941
ABGP0119984,2017,19092.069
ABGP0119984,2018,18503.629
ABGP0120344,2017,44247.595
ABGP0120344,2018,42277.761
ABGP0120344,2019,39185.6
ABGP0120344,2020,37376.424
ABGP0120344,2021,39488.25029
ABGP0120344,2022,43498.56752
ABGP0121326,2014,47165.30114
ABGP0121326,2015,54742.69558
ABGP0121326,2016,77010.95683
ABGP0121326,2017,62334.04626
ABGP0121326,2018,70859.31047
ABGP0121326,2019,77104.3427
ABGP0121326,2020,74154.49964
ABGP0121326,2021,87850.8668
ABGP0121326,2022,81651.7261
ABGP0122937,2017,12013.967
ABGP0122937,2018,19972.947
ABGP0122937,2019,19651.475
ABGP0122937,2020,16381.382
ABGP0122937,2021,12028.73612
ABGP0122937,2022,14122.58189
ABGP0123090,2013,80310.87352
ABGP0123090,2014,101865.6291
ABGP0123090,2015,111624.1749
ABGP0123090,2016,104188.8784
ABGP0123090,2017,106775.807
ABGP0123090,2018,121843.1367
ABGP0123090,2019,119304.398
ABGP0123090,2020,126123.953
ABGP0123090,2021,121853.4875
ABGP0123090,2022,112551.0332
ABGP0126524,2022,11510.5049
ABGP0129178,2016,51308.92907
ABGP0129178,2017,82170.21266
ABGP0129178,2018,79464.56187
ABGP0129178,2019,56370.125
ABGP0129178,2020,68991.45451
ABGP0129178,2021,92209.4872
ABGP0129178,2022,83014.8556
ABGP0129179,2015,64133.482
ABGP0129179,2016,75885.71066
ABGP0129179,2017,73732.81388
ABGP0129179,2018,66921.4786
ABGP0129179,2019,66798.2048
ABGP0129179,2020,58049.3576
ABGP0129179,2021,66769.5472
ABGP0129179,2022,71545.3538
ABGP0130963,2017,23691.5788
ABGP0130963,2018,26057.7272
ABGP0130963,2019,33359.7878
ABGP0130963,2020,27054.8473
ABGP0130963,2021,22266.4777
ABGP0130963,2022,25925.5502
ABGP0130964,2017,23691.5788
ABGP0130964,2018,26057.7272
ABGP0130964,2019,33359.7878
ABGP0130964,2020,27054.8473
ABGP0130964,2021,22266.4777
ABGP0130964,2022,25925.5502
ABGP0131384,2020,11759.721
ABGP0131384,2022,11350.87726
ABGP0132407,2017,36832.969
ABGP0132407,2018,31344.99
ABGP0132407,2019,34581.29
ABGP0132407,2020,24058.876
ABGP0132407,2021,22502.6676
ABGP0132407,2022,23947.3178
ABGP0133259,2016,53524.83232
ABGP0133259,2017,53826.00489
ABGP0133259,2018,50317.33
ABGP0133259,2019,65966.71
ABGP0133259,2020,66402.81
ABGP0133259,2021,60225.2731
ABGP0133259,2022,52356.2384
ABGP0134386,2017,18058.2531
ABGP0134386,2018,17900.968
ABGP0134386,2019,14230.049
ABGP0134386,2020,4187.755
ABGP0134386,2021,6064.846
ABGP0134628,2017,24471.9748
ABGP0134628,2018,20847.4535
ABGP0134628,2019,33692.9793
ABGP0134628,2020,47423.2003
ABGP0134628,2021,38078.8677
ABGP0134628,2022,36880.3059
ABGP0134673,2021,15388.4839
ABGP0134673,2022,21791.63715
ABGP0135009,2017,25040.72844
ABGP0135009,2018,20350.107
ABGP0135009,2019,17129.358
ABGP0135009,2020,12405.497
ABGP0135009,2021,11346.854
ABGP0135009,2022,11788.4157
ABGP0135716,2017,45948.0287
ABGP0135716,2018,45209.3347
ABGP0135716,2019,36595.8978
ABGP0135716,2020,32527.0287
ABGP0135716,2021,30899.1612
ABGP0135716,2022,34662.946
ABGP0137047,2017,44837.036
ABGP0137047,2018,52283.702000000005
ABGP0137047,2019,61924.911
ABGP0137047,2020,52357.062999999995
ABGP0137047,2021,51528.15369
ABGP0137047,2022,62224.1302
ABGP0137118,2017,95251.888
ABGP0137118,2018,155943.2278
ABGP0137118,2019,242330.9098
ABGP0137118,2020,263865.6
ABGP0137118,2021,273733.82
ABGP0137118,2022,282981.9259
ABGP0137513,2019,11092.831
ABGP0137513,2020,13902.726
ABGP0137513,2021,15288.46974
ABGP0137513,2022,10866.74773
ABGP0138158,2017,11067.637
ABGP0138158,2018,18062.408
ABGP0138158,2019,30375.189
ABGP0138158,2020,19382.865
ABGP0138191,2021,13325.42133
ABGP0138191,2022,19391.6097
ABGP0138443,2017,26369.336
ABGP0138443,2018,20192.639
ABGP0138443,2019,20147.418
ABGP0138443,2020,15021.47
ABGP0138443,2021,22045.72413
ABGP0138443,2022,37901.27035
ABGP0138811,2016,55373.32501
ABGP0138811,2017,39413.0
ABGP0138811,2018,59386.56
ABGP0138811,2019,52359.8
ABGP0138811,2020,41949.1
ABGP0138811,2021,49748.2
ABGP0138811,2022,62955.6
ABGP0138891,2017,51097.3849
ABGP0138891,2018,54600.3733
ABGP0138891,2019,50658.3181
ABGP0138891,2020,40954.2826
ABGP0138891,2021,29925.7305
ABGP0138891,2022,28617.95
ABGP0139140,2017,25047.71023
ABGP0139140,2018,29093.5807
ABGP0139140,2019,45105.1267
ABGP0139140,2020,46823.163
ABGP0139140,2021,21073.0784
ABGP0139140,2022,21836.2817
ABGP0139294,2017,25047.71023
ABGP0139294,2018,29093.5807
ABGP0139294,2019,45105.1267
ABGP0139294,2020,46823.163
ABGP0139294,2021,21073.0784
ABGP0139294,2022,21836.2817
ABGP0139501,2017,38148.8841
ABGP0139501,2018,39487.9309
ABGP0139501,2019,55376.6287
ABGP0139501,2020,45815.25012
ABGP0139501,2021,44923.39769
ABGP0139501,2022,43418.9673
ABGP0140036,2017,19901.2863
ABGP0140036,2018,21175.4404
ABGP0140036,2019,24838.7628
ABGP0140036,2020,24514.5559
ABGP0140036,2021,24253.1926
ABGP0140036,2022,26198.3497
ABGP0140267,2017,58896.2
ABGP0140267,2018,66883.0
ABGP0140267,2019,41082.2
ABGP0140267,2020,16425.8
ABGP0140267,2022,30078.0
ABGP0140277,2017,95251.888
ABGP0140277,2018,155943.2278
ABGP0140277,2019,242330.9098
ABGP0140277,2020,263865.6
ABGP0140277,2021,273733.82
ABGP0140277,2022,282981.9259
ABGP0140439,2016,55387.93222
ABGP0140439,2017,61175.94282
ABGP0140439,2018,57187.76
ABGP0140439,2019,67152.72
ABGP0140439,2020,64466.49
ABGP0140439,2021,42477.2426
ABGP0140439,2022,43105.9479
ABGP0140643,2017,25318.816
ABGP0140643,2018,41281.727
ABGP0140643,2019,57679.889
ABGP0140643,2020,67024.0816
ABGP0140643,2021,72493.503
ABGP0140643,2022,71071.82
ABGP0140842,2017,42356.8415
ABGP0140842,2018,50030.4268
ABGP0140842,2019,58429.4873
ABGP0140842,2020,57211.07018
ABGP0140842,2021,59299.44439
ABGP0140842,2022,65900.6799
ABGP0140979,2018,32267.8066
ABGP0140979,2019,36789.77218
ABGP0140979,2020,31846.37405
ABGP0140979,2021,35057.60941
ABGP0140979,2022,40764.0703
ABGP0142406,2017,31663.033
ABGP0142406,2018,35869.275
ABGP0142406,2019,33520.814
ABGP0142406,2020,39323.215
ABGP0142406,2021,38336.56108
ABGP0142406,2022,41062.12875
ABGP0142505,2012,76975.99905
ABGP0142505,2013,74413.191
ABGP0142505,2014,87922.11073
ABGP0142505,2015,83322.52318
ABGP0142505,2016,99629.50716
ABGP0142505,2017,90889.062
ABGP0142505,2018,64712.16
ABGP0142505,2019,61461.75
ABGP0142505,2020,53858.771
ABGP0142505,2021,59508.124
ABGP0142505,2022,60071.411
ABGP0143633,2017,95251.888
ABGP0143633,2018,155943.2278
ABGP0143633,2019,242330.9098
ABGP0143633,2020,263865.6
ABGP0143633,2021,273733.82
ABGP0143633,2022,282981.9259
ABGP0144505,2017,30431.893
ABGP0144505,2018,28292.401
ABGP0144505,2019,35968.209
ABGP0144505,2020,50003.753
ABGP0144505,2021,53794.56971
ABGP0144505,2022,50373.47264
ABGP0144581,2020,11749.984
ABGP0144581,2022,11670.1443
ABGP0146250,2020,11759.721
ABGP0146250,2022,11350.87726
ABGP0147748,2022,12695.1083
ABGP0148152,2018,27133.2664
ABGP0148152,2019,38257.6532
ABGP0148152,2020,45794.0289
ABGP0148152,2021,37342.3196
ABGP0148152,2022,45472.6505
ABGP0149002,2020,47299.941999999995
ABGP0149002,2021,35040.3632
ABGP0149002,2022,33517.0967
ABGP0150355,2019,110683.405
ABGP0150355,2020,98328.221
ABGP0150355,2021,111111.9736
ABGP0150355,2022,126218.0526
ABGP0150386,2019,15113.46
ABGP0150386,2020,69742.85
ABGP0150386,2021,172213.6969
ABGP0150386,2022,176275.8976
ABGP0150704,2019,74259.2736
ABGP0150704,2020,99022.24844
ABGP0150704,2021,98553.5645
ABGP0150704,2022,108165.2902
ABGP0152315,2019,45765.7457
ABGP0152315,2020,125087.3614
ABGP0152315,2021,142180.1803
ABGP0152315,2022,134943.8568
ABGP0153753,2018,18887.1
ABGP0153753,2019,26753.0575
ABGP0153753,2020,26071.413
ABGP0153753,2021,30692.1429
ABGP0153753,2022,36558.8254
ABGP0154540,2019,13932.37218
ABGP0154540,2020,101955.6496
ABGP0154540,2021,74683.0775
ABGP0154540,2022,64216.44918
ABGP0156241,2017,67482.787
ABGP0156241,2018,85100.752
ABGP0156241,2019,89117.57899
ABGP0156241,2020,106193.1851
ABGP0156241,2021,182080.9369
ABGP0156241,2022,167240.5535
ABGP0156644,2021,11999.8629
ABGP0156644,2022,34871.9558
ABGP0157262,2017,10440.00882
ABGP0157262,2018,12903.42
ABGP0157570,2017,67482.787
ABGP0157570,2018,85100.752
ABGP0157570,2019,89117.57899
ABGP0157570,2020,106193.1851
ABGP0157570,2021,182080.9369
ABGP0157570,2022,167240.5535
ABGP0158090,2020,11749.984
ABGP0158090,2022,11670.1443
ABGP0158517,2017,13570.055
ABGP0158517,2018,15429.907
ABGP0158517,2019,31802.157
ABGP0158517,2020,23774.56
ABGP0158517,2021,33077.5
ABGP0158517,2022,28904.8517
ABGP0160735,2022,10396.4393
ABGP0162257,2022,33866.7325
ABGP0165073,2017,14845.363
ABGP0165073,2018,21139.366
ABGP0165073,2019,20563.73
ABGP0165073,2020,15308.356
ABGP0165073,2022,11211.93025
ABGP0165948,2021,31948.14714
ABGP0165948,2022,23653.6562
ABGP0168285,2017,15486.75523
ABGP0168285,2018,19187.98589
ABGP0168309,2020,13205.9
ABGP0168309,2021,12951.4
ABGP0169442,2017,58896.2
ABGP0169442,2018,66883.0
ABGP0169442,2019,41082.2
ABGP0169442,2020,16425.8
ABGP0169442,2022,30078.0
ABGP0171549,2014,52413.5404
ABGP0171549,2017,38439.573
ABGP0171549,2018,47855.419
ABGP0171549,2019,47392.705
ABGP0171549,2020,54244.269
ABGP0171549,2021,47289.69908
ABGP0171549,2022,48777.24992
